Id,CarId,MainImage
105,38,/Admin/Uploads/Cars/3838d645-4c26-451a-bfa4-2775732a290d072f680b-b758-4ddc-b3ed-1066afbe121dWatermark (9)_1024x768.jpg
106,38,/Admin/Uploads/Cars/2e2c1536-a3f4-414b-adf7-000fe5521a455ab14ecc-6a7a-4108-abfd-8737efde9c98Watermark (13)_1024x768.jpg
107,38,/Admin/Uploads/Cars/4888c8b9-518c-4609-911f-162863bb341cbc6f685f-b6d7-4900-8d10-5ebe676c7ce4Watermark (11)_1024x768.jpg
108,38,/Admin/Uploads/Cars/fd7dffe6-c7f2-4ace-86e9-a15fca5cf18c0cced420-afc9-469b-be74-507b6cb23170Watermark (12)_1024x768.jpg
109,38,/Admin/Uploads/Cars/29aaf73e-06a7-4bd7-ad44-d1532793408596fae47f-17d7-4f6f-949c-698628d34837Watermark (7)_1024x768.jpg
110,38,/Admin/Uploads/Cars/be2945b0-0aa7-4596-ba15-16e1e16a59be96ff7073-8cb6-493a-a7c2-e3b44a13be4aWatermark (10)_1024x768.jpg
111,38,/Admin/Uploads/Cars/62e1a2e8-03a0-4304-bd82-bdc8a5b882d696de0f74-a593-42a2-8fb9-5210abb5689bWatermark (5)_1024x1024.jpg
112,38,/Admin/Uploads/Cars/61239cfe-3bff-42c8-9834-287923d99f63cb3f8238-743f-4b50-9a2c-a9fee97eff92Watermark_1019x1024.jpg
113,38,/Admin/Uploads/Cars/33002430-bdf3-4bac-94c1-d9e5164f1522dd4f98a0-1dfe-4003-a182-1a19ddc32a6eWatermark (3)_1019x1024.jpg
114,39,/Admin/Uploads/Cars/fb0e9839-827d-4886-af5d-067fd7b46879e96eec36-22d4-4d38-9f29-6f6359c2ec73Watermark_1024x763.jpg
115,39,/Admin/Uploads/Cars/0cfa8235-0ac1-4572-a099-297ee8907f8e846d638f-0768-4bb9-ad53-fd38bd3c0582Watermark (3)_1024x763.jpg
116,39,/Admin/Uploads/Cars/bddcbb20-adf7-422d-b996-fe63e13d488d4c2ff2da-f94c-4e05-937d-23c70aaa6525Watermark (1)_1024x763.jpg
117,39,/Admin/Uploads/Cars/28bd523c-7cdd-4661-aef0-38d5631e03171ded0092-06af-4af1-b0d9-4fb999d3f3a3Watermark (4)_818x1024.jpg
118,40,/Admin/Uploads/Cars/a27b6968-bca1-4a03-8d7b-5eb71302a0f57880f9e7-ebdf-4d2d-a4b6-d99859912607Watermark_1024x768.jpg
119,40,/Admin/Uploads/Cars/6d6c0b43-2903-418d-b84a-5d290a77aa0ddf6163ce-7015-4cc8-a7aa-4f426d2c3c11Watermark (2)_1024x768.jpg
120,40,/Admin/Uploads/Cars/3c26f5c3-3515-488a-b6f8-b522f59de70d4984e8f1-bc51-4127-a815-38458a4d01b4Watermark (4)_1024x768.jpg
121,40,/Admin/Uploads/Cars/4e80a12b-00f0-4f79-a683-16bc812d1428f18c7aa3-3977-44c5-bc42-b2969fe2c83bWatermark (1)_1024x768.jpg
122,41,/Admin/Uploads/Cars/02db7b30-8781-42e3-9f01-9985968bf0552b4a5a2a-bafe-4e4b-994b-76d85bbe5581BMW 10-tk-380-03_1024x1024.jpg
123,41,/Admin/Uploads/Cars/d1060616-ae24-4ee9-bee0-b407f01d1b840d6bdf4e-7ba0-4149-8938-294c3d411892BMW 10-tk-380-01_1024x535.jpg
124,42,/Admin/Uploads/Cars/d2f1aa76-b821-491b-b0e3-3367f0b1ade35d32d068-3acb-471f-9495-4696e911f31eWatermark_1024x767.jpg
125,42,/Admin/Uploads/Cars/1c10e6f7-96cf-45b5-aa8f-e1098d2a846557caf4ec-86ce-41a5-9f36-89ed9160f9aeWatermark (1)_1024x760.jpg
126,42,/Admin/Uploads/Cars/0a0ec5d0-38c4-4567-9784-ebf733ec59b21b8ef887-c907-4620-9853-e97a013664c7Watermark (5)_1024x747.jpg
127,42,/Admin/Uploads/Cars/6f9cc722-8713-4e23-ba87-3083de6c9e1c409d95bf-179f-4c8e-83cd-d01560757e14Watermark (3)_1024x762.jpg
128,43,/Admin/Uploads/Cars/841f4972-4709-4794-95ae-3447e4cd0b8b79db89b7-ce26-4e9f-a4de-24f12ab8bfc3Watermark (2)_1024x768.jpg
129,43,/Admin/Uploads/Cars/2e5f15b5-f54b-4959-9a36-a85cafd5028c184c5367-03bd-4aca-a128-7440f2da0254Watermark (5)_1024x768.jpg
130,43,/Admin/Uploads/Cars/1555a808-1d59-472e-9bab-e56797939f0b873883b5-e669-49fd-a208-db7ed1dcb2b8Watermark (3)_1024x768.jpg
131,43,/Admin/Uploads/Cars/67543222-d3c8-425c-b6da-63d8ac998a05a4aeb5d7-b549-48af-b029-9fecee193f76Watermark (1)_1024x768.jpg
132,44,/Admin/Uploads/Cars/8c20bb31-29dd-4dc4-852f-a305d44b7cf33a15d386-ed95-4af1-94ff-35b1a4a2a872Watermark (5)_1024x764.jpg
133,44,/Admin/Uploads/Cars/64425f4d-a7fb-450b-a685-be2be7f01f2dfd043c8f-752d-4456-91f3-649a031555a9Watermark (4)_1024x764.jpg
134,44,/Admin/Uploads/Cars/1b6571f5-6a0d-4f64-bf1c-34741266feb3bae2c66f-21aa-4277-95cf-d3e2b3706f8eWatermark (1)_1024x764.jpg
135,44,/Admin/Uploads/Cars/59aedcb5-c8ea-4d0e-aa03-5641cfd7b254a4e4bf27-59e6-4def-913b-1c64f68f1343Watermark (6)_1024x764.jpg
136,45,/Admin/Uploads/Cars/6a6e3959-28f3-4b44-acc1-de46efb61e95Watermark (4)_1024x764.jpg
137,45,/Admin/Uploads/Cars/592acec1-79b7-4201-aaf0-cfa410fd2121Watermark (3)_1024x764.jpg
138,45,/Admin/Uploads/Cars/fc0d6b7c-b02b-4054-944e-0dc1629267aaWatermark (6)_1024x764.jpg
139,45,/Admin/Uploads/Cars/1566c644-430f-4e85-9660-5b7b52eb6f72Watermark (7)_1024x764.jpg
140,46,/Admin/Uploads/Cars/da957063-949b-42d4-bd13-b10fec3adf41Watermark_1024x764 (1).jpg
141,46,/Admin/Uploads/Cars/90d88ea9-e207-4fac-a486-3193e63a84e4Watermark (5)_1024x764.jpg
142,46,/Admin/Uploads/Cars/5898f3c6-3733-44ac-97d0-601d4ff92bdaWatermark (6)_1024x764.jpg
143,46,/Admin/Uploads/Cars/6d272320-2f13-47f5-bf5f-e0f87cbf0808Watermark (8)_1024x764.jpg
144,46,/Admin/Uploads/Cars/4c9caab2-8618-4984-a4a7-9252c8ab2e0bWatermark (4)_1024x764.jpg
145,46,/Admin/Uploads/Cars/0585bbea-9daa-4d7a-a29d-06c2c6272e2aWatermark (3)_1024x764.jpg
146,46,/Admin/Uploads/Cars/848c16d9-57a2-472f-a04c-6fef44ce76b5Watermark (2)_1024x764.jpg
148,47,/Admin/Uploads/Cars/1aba194e-6829-4b58-92e5-3600063b902cWatermark (7)_1024x768.jpg
149,47,/Admin/Uploads/Cars/2f89a7da-dcf5-478b-b9a8-86a923e66082Watermark (6)_1024x768.jpg
150,47,/Admin/Uploads/Cars/1ff867df-eb55-437e-877d-98c39f99100dWatermark (4)_1024x768.jpg
151,47,/Admin/Uploads/Cars/b891c960-7bbe-45a0-8b72-cbef3456ee1fWatermark (2)_1024x768.jpg
152,47,/Admin/Uploads/Cars/5d98d19e-def6-4dde-94ee-59be02661fd9Watermark (1)_1024x768.jpg
153,47,/Admin/Uploads/Cars/50eb0c55-f246-4768-b647-c553ca021932Watermark_1024x768.jpg
162,48,/Admin/Uploads/Cars/cc373c7e-8c88-4b92-a3f9-d502e858f0e9Watermark (4)_1024x768.jpg
163,48,/Admin/Uploads/Cars/ebd542f3-66ce-436a-8cfa-56ab00a80722Watermark_1024x768.jpg
164,48,/Admin/Uploads/Cars/96b7b55c-1ae8-4d3a-9d9b-f3800ce4f9d4Watermark (1)_1024x768.jpg
165,48,/Admin/Uploads/Cars/d01ead62-6957-4264-8028-56151d3fd803Watermark (3)_1024x768.jpg
166,48,/Admin/Uploads/Cars/dc5d3e5b-b108-44a3-b93d-84223925f636Watermark (5)_1024x768.jpg
167,48,/Admin/Uploads/Cars/414ae4e6-6c79-45a5-911a-bff0967ec61bWatermark (6)_1024x768.jpg
168,48,/Admin/Uploads/Cars/512c7ded-6f77-426a-80e8-5bda383c7063Watermark9_766x1024.jpg
169,49,/Admin/Uploads/Cars/b793854e-1dfe-441b-92a5-12aa5199ce6bWatermark (1)_1024x768.jpg
170,49,/Admin/Uploads/Cars/4ebb1438-cc71-4baa-ae12-31111bc5dcf1Watermark_1024x768.jpg
171,49,/Admin/Uploads/Cars/e2d32ad7-9e10-4dc5-8b65-284811b1017fWatermark (3)_1024x761.jpg
172,49,/Admin/Uploads/Cars/c2b3b3f5-9a26-4de8-806c-e9f2f7c51158Watermark (2)_1024x768.jpg
173,49,/Admin/Uploads/Cars/e82d26af-58c2-41d2-82b9-548b0056a000Watermark (5)_1024x761.jpg
174,49,/Admin/Uploads/Cars/6b8b18f8-1c1d-4fb3-8057-21c5216635edWatermark (6)_1024x761.jpg
175,50,/Admin/Uploads/Cars/997dfd69-fa6f-4c46-aede-d3b9fe9932e7Watermark (7)_1024x758.jpg
176,50,/Admin/Uploads/Cars/fea1ded6-eb8a-4bc0-bd17-fcaf1d9d3258Watermark (2)_1024x769.jpg
177,50,/Admin/Uploads/Cars/66496ebc-7da1-400d-9d42-0e93e14e3417Watermark (1)_1024x769.jpg
178,50,/Admin/Uploads/Cars/67c30b6f-2352-46d7-8688-7836d7223beeWatermark_1024x761.jpg
179,50,/Admin/Uploads/Cars/f83bcb0c-aceb-4439-a610-0c16102c01cfWatermark (4)_1024x769.jpg
180,50,/Admin/Uploads/Cars/92d72241-a102-4ac5-b807-61e215a4c21dWatermark (3)_1024x769.jpg
181,50,/Admin/Uploads/Cars/9a4c4b63-65cb-4e76-bbf8-4e590e62b878Watermark (6)_752x1024.jpg
182,51,/Admin/Uploads/Cars/35bdc423-3963-4e46-bb84-5775d3c31961Watermark (2)_1024x768.jpg
183,51,/Admin/Uploads/Cars/a87e9794-29c8-4f2d-b81d-91229f8db766Watermark (1)_1024x768.jpg
184,51,/Admin/Uploads/Cars/63215e52-49f9-44d5-89fe-8901b1abfb48Watermark (3)_1024x768.jpg
185,51,/Admin/Uploads/Cars/a2ac03d4-3443-4b6d-b5a7-c67875bb769bWatermark (5)_1024x768.jpg
186,51,/Admin/Uploads/Cars/16e9127a-1e6d-4f1f-892b-e00e7361c661Watermark (4)_1024x768.jpg
187,52,/Admin/Uploads/Cars/c65ea08f-3a5d-41c9-8131-499ebf9296b8Watermark (2)_1024x768.jpg
188,52,/Admin/Uploads/Cars/6204d464-83d8-403f-8d1c-43ce203e7f60Watermark (1)_1024x768.jpg
189,52,/Admin/Uploads/Cars/a6c88da8-1d2c-462c-9c4f-c692e61c99aaWatermark_1024x760.jpg
190,52,/Admin/Uploads/Cars/2de23296-f697-483e-8844-0d7cd250828fWatermark (4)_1024x768.jpg
191,52,/Admin/Uploads/Cars/4ea0ecac-2cb3-43ca-b1fa-dd43f5c0feaaWatermark (5)_1024x768.jpg
192,52,/Admin/Uploads/Cars/9cb1e198-e71c-4edb-b60f-6fae8f5f596cWatermark (6)_1024x768.jpg
193,53,/Admin/Uploads/Cars/80f1d1fa-527e-4204-a7f3-54404cb0aa30Watermark (2)_1024x574.jpg
194,53,/Admin/Uploads/Cars/bb219e53-d5df-448c-a4d5-f9d51367e5fbWatermark (3)_1024x577.jpg
195,53,/Admin/Uploads/Cars/c60b1e8d-79dd-48ee-a3e8-ab01139a1863Watermark_1024x575.jpg
196,53,/Admin/Uploads/Cars/ea0fa9de-1311-4e58-b19e-9db49ad9a3a8Watermark (4)_1024x573.jpg
197,53,/Admin/Uploads/Cars/69c06e1c-850e-4897-87d1-6fe4ffdb764aWatermark (5)_1024x573.jpg
198,53,/Admin/Uploads/Cars/74933031-04d9-4b60-86f1-74374fa95295Watermark (6)_1024x584.jpg
199,54,/Admin/Uploads/Cars/e653d38c-3771-4e27-986a-ec746430866bWatermark (2)_1024x766.jpg
200,54,/Admin/Uploads/Cars/ea59b1d0-065b-4b43-a162-67bd109ca8d8Watermark_1024x766.jpg
201,54,/Admin/Uploads/Cars/0bb339c4-8513-42ad-9639-fb8627af1f73Watermark (3)_1024x766.jpg
202,54,/Admin/Uploads/Cars/e859c494-f414-45dc-b977-005c8088c88aWatermark (4)_1024x589.jpg
203,55,/Admin/Uploads/Cars/25820cf2-56b9-4c7e-b8d6-e35af3b2df44Watermark (15)_1024x680.jpg
204,55,/Admin/Uploads/Cars/ba78b0a2-d005-4e32-8713-7f20712058d3Watermark (13)_1024x680.jpg
205,55,/Admin/Uploads/Cars/3c2ae32d-aecf-4b80-b289-ee8c6489c322Watermark (11)_1024x680.jpg
206,55,/Admin/Uploads/Cars/d3e2e4f5-27de-4503-899b-25f67a140900Watermark (10)_1024x680.jpg
207,55,/Admin/Uploads/Cars/8610855a-65a2-4d29-ad82-42b66b924ea9Watermark (9)_1024x680.jpg
208,55,/Admin/Uploads/Cars/079d7274-d7cf-4f17-a1bb-9e14d37a907bWatermark (7)_1024x680.jpg
209,55,/Admin/Uploads/Cars/fac2f100-c714-46d5-9ee7-ad8eef066df4Watermark (1)_1024x680.jpg
210,55,/Admin/Uploads/Cars/6b591f04-4f56-4a91-ae45-db6bc47a07f6Watermark_1024x680.jpg
211,55,/Admin/Uploads/Cars/6b2bf6bc-c784-4d23-b62f-71192128c474Watermark (4)_1024x680.jpg
212,56,/Admin/Uploads/Cars/7352a20b-5be9-4e5b-be02-19d8b3a2f4dfWatermark (16)_1024x683.jpg
213,56,/Admin/Uploads/Cars/c6e0c467-4762-4de6-9a76-c9c44cd5c8b2Watermark (14)_1024x683.jpg
214,56,/Admin/Uploads/Cars/3794c3d2-a95c-4275-a042-d539db93b04bWatermark (13)_1024x683.jpg
215,56,/Admin/Uploads/Cars/7e3630ad-2d3b-40cb-9fc9-b5db09ebe5a8Watermark (12)_1024x683.jpg
216,56,/Admin/Uploads/Cars/3b74cf28-0020-472d-89e9-bdfd6b2a0d70Watermark (10)_1024x683.jpg
217,56,/Admin/Uploads/Cars/ca712afb-ec18-4a59-b1db-2805f89d23e7Watermark (9)_1024x683.jpg
218,56,/Admin/Uploads/Cars/74434857-add0-4085-b3b0-c78e9371e71aWatermark (2)_1024x683.jpg
219,56,/Admin/Uploads/Cars/60238a01-e973-4f28-915c-849a73119341Watermark (6)_1024x683.jpg
220,56,/Admin/Uploads/Cars/d183edea-f415-4406-8bbd-ea44860b87d5Watermark (8)_1024x683.jpg
221,56,/Admin/Uploads/Cars/c6bf4f56-9be1-42cb-9dd8-8b4c441ec222Watermark (1)_1024x683.jpg
222,56,/Admin/Uploads/Cars/c316874e-d2e8-4ed8-ac9e-2550f911d9feWatermark (3)_1024x683.jpg
223,56,/Admin/Uploads/Cars/05bd30bd-883a-4806-85f0-3fc3c072f7baWatermark (4)_1024x683.jpg
224,56,/Admin/Uploads/Cars/86c57672-7491-4e66-b70a-adb6c10f2801Watermark (5)_1024x683.jpg
225,56,/Admin/Uploads/Cars/c3bb7694-5678-4e73-b68c-76073a203468Watermark (11)_1024x683.jpg
226,37,/Admin/Uploads/Cars/155bfe02-7fe2-4285-a1e0-418ec1087f1aWatermark (3).jpg
227,37,/Admin/Uploads/Cars/35b47770-cf7f-4592-bbf0-2c6d4695ccb8Watermark (2).jpg
228,37,/Admin/Uploads/Cars/ce2dd928-fe29-4084-a581-b9965f97c2eeWatermark (6).jpg
229,37,/Admin/Uploads/Cars/444f172b-fa94-4c68-ac29-4f8b820ea805Watermark (1).jpg
230,37,/Admin/Uploads/Cars/c60d1a17-50d0-42bb-a251-81c79d5ac9edWatermark (4).jpg
231,37,/Admin/Uploads/Cars/7f47259c-7a50-4255-88d2-91ee6f9d8acfWatermark (5).jpg
232,57,/Admin/Uploads/Cars/394e7d41-6b19-4c80-bb46-7615b62c29f5Watermark (10)_1024x574.jpg
233,57,/Admin/Uploads/Cars/683c6978-63be-4bfa-8e44-ffaabb50dd46Watermark (6)_1024x571.jpg
234,57,/Admin/Uploads/Cars/c1b74d59-c76b-42c0-a3ad-7bd4648d812cWatermark (1)_1024x577.jpg
235,57,/Admin/Uploads/Cars/f72e1981-d9d4-4fb9-afb0-348435cd494cWatermark (2)_1024x577.jpg
236,57,/Admin/Uploads/Cars/b70bd3ff-5d28-4241-9b59-1ec0aba266c7Watermark (4)_574x1024.jpg
237,57,/Admin/Uploads/Cars/dfca33c7-5b56-401f-bf92-0a47036bdc5eWatermark (7)_850x1024.jpg
238,57,/Admin/Uploads/Cars/b8be0541-e5f9-438c-8cd2-23831da06a1dWatermark (9)_769x1024.jpg
239,57,/Admin/Uploads/Cars/c096f78e-d6b7-4fbb-b53a-aba72f8d2d2dWatermark (12)_573x1024.jpg
240,58,/Admin/Uploads/Cars/0f5d646c-84d5-41ce-82f0-8150e2b2c1e3Watermark (1)_1024x768.jpg
241,58,/Admin/Uploads/Cars/cdaa85c0-825d-4f09-8272-e5bf6675a013Watermark (2)_1024x768.jpg
242,58,/Admin/Uploads/Cars/d1e250cb-d711-4d3c-95bf-82c5c507f89fWatermark (3)_1024x768.jpg
243,58,/Admin/Uploads/Cars/d1e46d28-0584-4d76-ad91-90c453d1acddWatermark (4)_1024x768.jpg
244,58,/Admin/Uploads/Cars/1ee564b8-6f51-4abe-ae20-dfe002974dc8Watermark (5)_1024x768.jpg
245,58,/Admin/Uploads/Cars/3fb951e1-e38f-4801-8cd7-4547c7c01e51Watermark (6)_1024x768.jpg
246,58,/Admin/Uploads/Cars/d34548d5-779e-4526-8114-7ec0d357d5d9Watermark (7)_1024x768.jpg
247,58,/Admin/Uploads/Cars/e0572035-815d-4dd6-a550-4cedd84b0bb1Watermark (8)_1024x768.jpg
248,58,/Admin/Uploads/Cars/eb5a2baf-487a-439b-9bf8-fca6f8dc917bWatermark (9)_1024x768.jpg
249,59,/Admin/Uploads/Cars/d96ec6bf-2b3d-48f1-b8fa-b9f301a8b967Watermark (8)_1024x768.jpg
250,59,/Admin/Uploads/Cars/5520ad8d-1300-4df0-84a8-824be01a6ffbWatermark_1024x768.jpg
251,59,/Admin/Uploads/Cars/8b1a4dfb-3036-4bc7-9b8d-a161964be2f8Watermark (1)_1024x768.jpg
252,59,/Admin/Uploads/Cars/398e182c-a045-497e-bfc3-687202385ee5Watermark (2)_1024x768.jpg
253,59,/Admin/Uploads/Cars/cfe12e9c-fd7d-4e3c-90cc-7b5bc0d88e6eWatermark (4)_1024x768.jpg
254,59,/Admin/Uploads/Cars/980d7202-fe0a-4b9f-96b9-9395fbdad534Watermark (5)_1024x768.jpg
255,59,/Admin/Uploads/Cars/ec0c0cae-0b3c-4087-a90c-d15438351f7dWatermark (6)_1024x768.jpg
256,59,/Admin/Uploads/Cars/52ec01b5-a380-4fd3-83b3-f8e9006fe314Watermark (7)_1024x768.jpg
257,59,/Admin/Uploads/Cars/361dbe34-7487-4816-b4e8-a57d6f7fec4fWatermark (9)_1024x768.jpg
258,59,/Admin/Uploads/Cars/5f14c393-1679-419a-96e1-4bcc283c05e5Watermark (10)_1024x768.jpg
259,59,/Admin/Uploads/Cars/77fcaed6-70f5-4a37-97bb-7406c82007aaWatermark (12)_1024x768.jpg
